Animal,Category,Scales,Fur,Feathers,Legs,Habitat,Diet,Lays Eggs,Flies,Speed (mph),Changes Color,Has A Pouch,Domesticated,Poisonous or Venomous,Nocturnal,Hibernates,Breathes Under Water,Lives in Groups,Metamorphosis,Average Lifespan,Teeth,Temperature,Common Pet,Wings,Weight (lbs),Height (inches),Colors,Endangered,Has Tail,Has Dorsal Fin,Pattern,Preferred Environment Temperature,Human Interaction,Territory Size (sq miles),Intelligence Level,Tree Climbing,Fishing Ability,Speech Capability,Eggs per Clutch,Clutches per Year,Cheek Pouches,Social Bonding Level,Hoarding Behavior,Human Usage Products,Group Size,Nest Location,Diet Preferences,Migration,Hunting Technique,Burrowing Behavior
African Dwarf Frog,Amphibian,No,No,No,4,Freshwater,Carnivore,Yes,No,2,No,No,Yes,No,Yes,No,Yes,Yes,Yes,5,No,Warm,Yes,No,0.01,1.5,Olive;Brown,No,No,No,Mottled,75,Dependent,0,Learning,Poor,Poor,Basic,50,4,No,Social,No,Pets,4,Freshwater Plants,Small Invertebrates;Insects,No,Ambush;Suction Feeding,Non-Burrowing
African Grey Parrot,Bird,No,No,Yes,2,Rainforest,Omnivore,Yes,Yes,15,No,No,Yes,No,No,No,No,No,Yes,45,No,Warm,Yes,No,1,12,Gray;Red;White,Yes,Yes,No,Solid,75,Dependent,0,Tool User,Professional,Poor,Advanced Speech,4,1,No,Pairs,No,Pets;Entertainment,2,Tree Cavity,Seeds;Fruits;Nuts,No,Foraging;Crushing,Non-Burrowing
African Lion,Mammal,No,Fur,No,4,Savanna,Carnivore,No,No,50,No,No,No,No,No,No,No,Yes,No,15,Yes,Warm,No,No,400,48,Tan;Brown,Yes,Yes,No,Solid,85,Fearful,100,Complex Learner,Poor,Poor,Basic,0,2,No,Colonial,No,Tourism;Trophy,15,Ground Level,Large Mammals;Medium Mammals,No,Pack Hunting;Stalking;Ambush,Burrow User
Alligator,Reptile,Yes,No,No,4,Wetlands;Rivers,Carnivore,Yes,No,20,No,No,No,No,Yes,No,No,Yes,No,40,Yes,Cold,No,No,500,48,Green;Gray;Black,No,Yes,No,Scaly,75,Fearful,2,Problem Solver,Poor,Excellent,Basic,40,1,No,Solitary,No,Meat;Leather,1,Water's Edge,Fish;Medium Mammals,No,Ambush;Diving,Non-Burrowing
Alpaca,Mammal,No,Fur,No,4,Mountain,Herbivore,No,No,25,No,No,Yes,No,No,No,No,Yes,No,20,Yes,Cold,No,No,150,36,Multiple,No,Yes,No,Solid,65,Dependent,0,Learning,Poor,Poor,Basic,0,0,No,Colonial,No,Wool/Meat,20,Ground Level,Grass;Hay,No,Grazing,Non-Burrowing
American Bison,Mammal,No,Fur,No,4,Grassland,Herbivore,No,No,35,No,No,No,No,No,No,No,Yes,No,20,Yes,Cold,No,No,1500,66,Brown;Black,Yes,Yes,No,Solid,65,Cautious,10,Learning,Poor,Poor,Basic,0,1,No,Colonial,No,Meat;Hide;Tourism,50,Ground Level,Grass;Plants,Seasonal,Grazing,Non-Burrowing
Angelfish,Fish,Yes,No,No,0,Tropical;Freshwater,Omnivore,Yes,No,3,No,No,Yes,No,No,No,Yes,Yes,No,10,Yes,Warm,Yes,No,0.3,6,Silver;Black;Yellow;Orange,No,Yes,Yes,Striped,78,Dependent,0,Learning,Poor,Poor,None,300,4,No,Pairs,No,Pets,2,Plants,Small Fish;Plants,No,Ambush,Non-Burrowing
Angora Rabbit,Mammal,No,Fur,No,4,Domestic,Herbivore,No,No,25,No,No,Yes,No,No,No,No,Yes,No,10,Yes,Warm,Yes,No,7.5,10,White;Multiple,No,Yes,No,Solid,72,Dependent,0,Learning,Poor,Poor,Basic,0,1.2,No,Colonial,No,Wool;Pets,1,Ground Burrow,Hay;Vegetables,No,Grazing;Browsing,Non-Burrowing
Ant,Insect,No,No,No,6,Various,Omnivore,Yes,Yes,0.1,No,No,No,Venomous,No,Yes,No,Yes,Yes,2,No,Cold,No,Yes,0.00001,0.25,Black;Red;Brown,No,No,No,Solid,70,Neutral,0.01,Learning,Poor,Poor,None,1,3,No,Colonial,Complex,Pest Control,50000,Underground,Insects;Seeds;Plants,No,Foraging,Tunneling
Armadillo,Mammal,Yes,No,No,4,Various,Omnivore,No,No,3,No,No,No,No,Yes,No,No,No,No,12,Yes,Warm,No,No,12,16,Gray;Pink,No,Yes,No,Plated,75,Cautious,0.1,Learning,Poor,Poor,Basic,4,1,No,Solitary,No,Meat;Research,1,Burrow,Insects;Worms,No,Digging;Foraging,Tunneling
Axolotl,Amphibian,No,No,No,4,Freshwater,Carnivore,Yes,No,2,No,No,Yes,No,No,No,Yes,Yes,No,12,Yes,Cold,Yes,No,0.5,12,Pink;White;Black;Olive,Yes,Yes,Yes,Solid,68,Dependent,0,Learning,Poor,Poor,Basic,100,2,No,Solitary,No,Pets;Research,1,Water's Edge,Insects;Worms;Small Fish,No,Ambush;Foraging,Non-Burrowing
Bald Eagle,Bird,No,No,Yes,2,Forest;Coastal,Carnivore,Yes,Yes,100,No,No,No,No,No,No,No,Yes,No,30,No,Warm,No,Yes,12,36,Brown;White,Yes,Yes,No,Two-toned,65,Fearful,100,Complex Learner,Professional,Excellent,Basic,2,1,No,Pairs,No,Tourism;Education;Conservation,2,Tree Top;Cliff,Fish;Birds;Medium Mammals,Seasonal,Diving;Swooping,Non-Burrowing
Bearded Dragon,Reptile,Yes,No,No,4,Desert,Omnivore,Yes,No,9,Yes,No,Yes,No,No,Yes,No,No,No,12,Yes,Warm,Yes,No,1,4,Multiple,No,Yes,No,Solid,85,Dependent,0,Learning,Good,Poor,Basic,20,3,No,Solitary,No,Pets,1,Ground Level,Insects;Vegetables,No,Stalking;Ambush,Non-Burrowing
Beaver,Mammal,No,Fur,No,4,Wetland,Herbivore,No,No,6,No,No,No,No,No,No,No,Yes,No,10,Yes,Cold,No,No,40,15,Brown,No,Yes,No,Solid,50,Cautious,0.5,Problem Solver,Poor,Good,Basic,0,0,Yes,Family,Complex,Fur;Meat,6,Water's Edge,Bark;Leaves;Aquatic Plants,No,Grazing,Tunneling
Betta Fish,Fish,Yes,No,No,0,Freshwater,Carnivore,Yes,No,3,Yes,No,Yes,No,No,No,Yes,No,No,3,Yes,Warm,Yes,No,0.003,3,Multiple,No,Yes,Yes,Various,78,Dependent,0,Learning,Poor,Poor,None,100,4,No,Solitary,No,Pets;Ornamental,1,Bubble Nest,Insects;Fish Food,No,Ambush;Striking,Non-Burrowing
Binturong,Mammal,No,Fur,No,4,Forest,Omnivore,No,No,20,No,No,No,No,Yes,No,No,No,No,18,Yes,Warm,No,No,50,30,Black,Yes,Yes,No,Solid,75,Cautious,1,Complex Learner,Professional,Poor,Basic,0,1,No,Solitary,No,Tourism,1,Tree Hollow,Fruits;Small Animals,No,Stalking;Climbing,Non-Burrowing
Black Bear,Mammal,No,Fur,No,4,Forest,Omnivore,No,No,30,No,No,No,No,No,Yes,No,Yes,No,25,Yes,Warm,No,No,400,40,Black;Brown,No,Yes,No,Solid,55,Cautious,15,Problem Solver,Good,Excellent,Basic,0,1,No,Solitary,No,Fur;Meat,1,Cave;Ground Den,Fish;Berries;Small Mammals,No,Opportunistic;Fishing;Foraging,Burrow User
Black-capped Chickadee,Bird,No,No,Yes,2,Forest,Omnivore,Yes,Yes,25,No,No,No,No,No,No,No,Yes,No,2.5,No,Cold,No,Yes,0.025,5.3,Black;White,No,Yes,No,Two-toned,60,Tolerant,0.1,Learning,Poor,Poor,Basic,6,1,No,Small Groups,Simple,Tourism;Education,12,Tree Cavity,Insects;Seeds,Some,Gleaning;Picking,Non-Burrowing
Blue Jay,Bird,No,No,Yes,2,Woodland,Omnivore,Yes,Yes,25,No,No,No,No,No,No,No,Yes,No,7,No,Warm,No,Yes,0.3,12,Blue;White,No,Yes,No,Patterned,70,Tolerant,0.2,Complex Learner,Poor,Poor,Basic,5,1,No,Family,Simple,Tourism;Education,6,Tree Branch,Seeds;Nuts;Insects,Some,Foraging;Caching,Non-Burrowing
Blue Whale,Mammal,No,No,No,0,Ocean;Coastal,Carnivore,No,No,23,No,No,No,No,No,No,Yes,Yes,No,90,Yes,Warm,No,No,290000,384,Blue;Gray,Yes,Yes,Yes,Solid,40,Fearful,3000,Complex Learner,Poor,Professional,Complex,0,1,No,Small Groups,No,Tourism,3,Open Ocean,Plankton,Long Distance,Filter Feeding;Lunge Feeding,Non-Burrowing
Blue-Tongued Skink,Reptile,Yes,No,No,4,Various,Omnivore,Yes,No,2,No,No,Yes,No,No,No,No,No,No,20,Yes,Warm,Yes,No,1.1,20,Brown;Gray,No,Yes,No,Banded,80,Dependent,0,Learning,Poor,Poor,Basic,10,2,No,Solitary,No,Pets;Education,1,Ground Shelter,Insects;Fruits,No,Foraging;Crushing,Non-Burrowing
Box Turtle,Reptile,Yes,No,No,4,Woodland,Omnivore,Yes,No,0.2,No,No,Yes,No,No,Yes,No,No,No,40,No,Warm,Yes,No,1,6,Brown;Yellow,No,Yes,No,Shell Pattern,72,Dependent,0.1,Learning,Poor,Poor,Basic,6,2,No,Solitary,No,Pets;Education,1,Soil Burrow,Plants;Insects,No,Foraging;Crushing,Non-Burrowing
Brown Bear,Mammal,No,Fur,No,4,Forest,Omnivore,No,No,35,No,No,No,No,No,Yes,No,Yes,No,25,Yes,Warm,No,No,1200,66,Brown,No,Yes,No,Solid,50,Cautious,25,Problem Solver,Poor,Excellent,Basic,0,1,No,Solitary,No,Tourism;Fur;Research,1,Cave;Ground Den,Fish;Berries;Small Mammals,No,Fishing;Foraging;Hunting,Burrow User
Budgerigar,Bird,No,No,Yes,2,Domestic,Omnivore,Yes,Yes,12,No,No,Yes,No,No,No,No,Yes,No,10,No,Warm,Yes,Yes,0.1,7,Green;Yellow;Blue;White,No,Yes,No,Various,72,Dependent,0,Complex Learner,Professional,Poor,Basic Speech,6,2,No,Pairs,No,Pets,2,Nest Box,Seeds;Vegetables,No,Foraging,Non-Burrowing
Butterfly,Insect,No,No,No,6,Various,Herbivore,Yes,Yes,12,No,No,No,No,No,No,No,Yes,Yes,1,No,Warm,No,Yes,0.001,4,Multiple Colors,Yes,No,No,Various,75,Neutral,0,Simple,Poor,Poor,None,100,1,No,Loose Groups,No,Pollination,10,Various,Nectar;Fruit Juice,Long Distance,Foraging,Non-Burrowing
Canada Goose,Bird,No,No,Yes,2,Various,Herbivore,Yes,Yes,40,No,No,No,No,No,No,No,Yes,No,25,No,Cold,No,Yes,14,30,Brown;Black;White,No,Yes,No,Two-toned,65,Tolerant,2,Learning,Poor,Good,Basic,5,1,No,Colonial,No,Meat;Down;Tourism,30,Ground Near Water,Grass;Aquatic Plants,Seasonal,Grazing;Dabbling,Non-Burrowing
Capybara,Mammal,No,No,No,4,Wetlands,Herbivore,No,No,35,No,No,No,No,No,No,Yes,Yes,No,12,Yes,Warm,Yes,No,150,24,Brown,No,Yes,No,Solid,75,Tolerant,1,Complex Learner,Poor,Good,Basic,0,2,Yes,Colonial,No,Meat;Leather,20,Ground Level,Grass;Aquatic Plants,No,Grazing;Swimming,Non-Burrowing
Cardinal,Bird,No,No,Yes,2,Woodland,Omnivore,Yes,Yes,20,No,No,No,No,No,No,No,Yes,No,3,No,Warm,No,Yes,0.084,9,Red;Black,No,Yes,No,Solid,70,Tolerant,0.1,Learning,Poor,Poor,Basic,4,2,No,Pairs,Simple,Tourism;Education,2,Dense Shrubs,Seeds;Insects,Some,Foraging;Ground Feeding,Non-Burrowing
Cassowary,Bird,No,No,Yes,2,Rainforest,Omnivore,Yes,No,31,No,No,No,No,No,No,No,No,No,40,No,Warm,No,No,130,72,Black;Blue;Red,Yes,Yes,No,Solid,80,Aggressive,2,Learning,Poor,Poor,Basic,5,1,No,Solitary,No,Tourism,1,Ground Level,Fruits;Small Animals,No,Foraging;Kicking,Non-Burrowing
Cat,Mammal,No,Fur,No,4,Domestic;Various,Carnivore,No,No,30,No,No,Yes,No,Yes,No,No,Yes,No,15,Yes,Warm,Yes,No,10,10,Multiple,No,Yes,No,Various,72,Dependent,0.2,Complex Learner,Excellent,Poor,Basic Vocalizations,0,0,No,Solitary,No,Pets;Pest Control,1,Human Structures,Small Mammals;Birds,No,Stalking;Pouncing,Burrow User
Chameleon,Reptile,Yes,No,No,4,Forest,Carnivore,Yes,No,0.3,Yes,No,No,No,No,No,No,No,No,5,No,Warm,Yes,No,0.3,8,Multiple,Yes,Yes,No,Variable,80,Cautious,0.1,Learning,Professional,Poor,Basic,20,3,No,Solitary,No,Pets,1,Tree Branch,Insects,No,Tongue Shooting,Non-Burrowing
Cheetah,Mammal,No,Fur,No,4,Savanna,Carnivore,No,No,70,No,No,No,No,No,No,No,Yes,Yes,11,Yes,Warm,No,No,125,32,Tan;Black Spots,Yes,Yes,No,Spotted,85,Fearful,50,Complex Learner,Poor,Poor,Basic,0,0,No,Small Groups,No,Tourism,3,Ground Level,Medium Mammals;Small Mammals,No,Pursuit;Stalking,Burrow User
Chicken,Bird,No,No,Yes,2,Various,Omnivore,Yes,Yes,9,No,No,Yes,No,No,No,No,Yes,No,8,No,Warm,No,Yes,5.5,18,Multiple,No,Yes,No,Solid,75,Dependent,0,Learning,Poor,Good,Basic,250,1,No,Colonial,No,Meat;Eggs;Feathers,25,Ground Level,Seeds;Insects;Plants,No,Foraging,Non-Burrowing
Chilean Rose Tarantula,Arachnid,No,Hair,No,8,Desert,Carnivore,Yes,No,1,No,No,Yes,Venomous,Yes,No,No,No,No,20,Yes,Warm,Yes,No,0.1,5,Pink;Brown,No,Yes,No,Solid,75,Dependent,0,Learning,Poor,Poor,None,100,1.4,No,Solitary,No,Pets;Education,1,Burrow,Insects;Small Animals,No,Ambush;Pouncing,Simple Burrower
Chimpanzee,Mammal,No,Fur,No,4,Forest,Omnivore,No,No,25,No,No,No,No,No,No,No,Yes,No,50,Yes,Warm,No,No,130,48,Black,Yes,No,No,Solid,75,Cautious,15,Abstract Thinker,Professional,Poor,Complex Vocalizations,0,0,No,Colonial,Complex,Research,50,Tree Branch,Fruits;Insects;Small Mammals,No,Tool Use;Group Hunting,Non-Burrowing
Chinchilla,Mammal,No,Fur,No,4,Mountain,Herbivore,No,No,15,No,No,Yes,No,Yes,No,No,Yes,No,15,Yes,Cold,Yes,No,1.5,10,Gray;White,No,Yes,No,Solid,65,Dependent,0,Learning,Professional,Poor,Basic,0,1,No,Colonial,Simple,Pets;Fur,4,Rock Crevices,Hay;Pellets,No,Grazing;Browsing,Non-Burrowing
Chipmunk,Mammal,No,Fur,No,4,Forest,Omnivore,No,No,21,No,No,No,No,No,Yes,No,No,No,3,Yes,Warm,No,No,0.25,6,Brown;Striped,No,Yes,No,Striped,70,Tolerant,0.1,Learning,Good,Poor,Basic,0,1,Yes,Solitary,Complex,Tourism;Research,1,Underground Burrow,Seeds;Nuts;Fruits,No,Foraging;Caching,Tunneling
Cicada,Insect,No,No,No,6,Forest,Herbivore,Yes,Yes,8,No,No,No,No,No,No,No,Yes,Yes,17,No,Warm,No,Yes,0.01,2,Green;Brown,No,No,No,Camouflaged,80,Neutral,0,Simple,Poor,Poor,None,600,1,No,Periodic,Complex,Pest Control,1000,Tree Branches,Tree Sap,No,Piercing-Sucking,Non-Burrowing
Clownfish,Fish,Yes,No,No,0,Marine;Coral Reef,Omnivore,Yes,No,4,No,No,Yes,No,No,No,Yes,Yes,No,10,Yes,Warm,Yes,No,0.25,4,Orange;White,No,Yes,Yes,Striped,75,Dependent,0,Learning,Poor,Professional,None,1000,1,No,Pairs,No,Pets,2,Anemone,Plankton;Algae,No,Filter Feeding,Non-Burrowing
Cobra,Reptile,Yes,No,No,0,Forests;Grasslands,Carnivore,Yes,No,12,No,No,No,Venomous,Yes,No,No,Yes,No,18,Yes,Cold,No,No,15,72,Black;Brown;Yellow,Yes,No,No,Solid,85,Fearful,0.1,Learning,Poor,Poor,Basic,20,1,No,Solitary,No,Pets,1,Underground,Small Mammals;Birds,No,Ambush;Venom,Burrow User
Cockatiel,Bird,No,No,Yes,2,Domestic,Omnivore,Yes,Yes,15,No,No,Yes,No,No,No,No,Yes,No,15,No,Warm,Yes,Yes,0.25,11,Gray;White;Yellow,No,Yes,No,Various,72,Dependent,0,Complex Learner,Professional,Poor,Basic Speech,4,2,No,Pairs,No,Pets,2,Nest Box,Seeds;Vegetables,No,Foraging,Non-Burrowing
Collared Lizard,Reptile,Yes,No,No,4,Desert,Carnivore,Yes,No,16,Yes,No,No,No,No,No,No,No,No,5,Yes,Warm,No,No,0.25,14,Green;Blue;Yellow,No,Yes,No,Banded,90,Fearful,0.1,Learning,Good,Poor,Basic,6,1.4,No,Solitary,No,Pets;Research,1,Rock Crevices,Insects;Small Lizards,No,Stalking;Pouncing,Non-Burrowing
Common Crab,Crustacean,No,No,No,8,Coastal,Omnivore,Yes,No,3,No,No,No,No,Yes,No,No,No,No,3,No,Cold,No,No,1,4,Red;Brown,No,No,No,Solid,65,Neutral,0.1,Learning,Poor,Poor,None,2000,2,No,Solitary,No,Food;Research,1,Sandy Burrow,Small Animals;Algae,No,Scavenging;Ambush,Simple Burrower
Common Frog,Amphibian,No,No,No,4,Wetland,Carnivore,Yes,No,8,No,No,No,No,Yes,No,Yes,Yes,Yes,8,No,Cold,No,No,0.15,3,Green;Brown,No,No,No,Mottled,65,Neutral,0.01,Learning,Poor,Poor,Basic,2000,2,No,Groups,No,Research;Education,20,Water Edge,Insects;Small Animals,No,Ambush;Tongue Strike,Non-Burrowing
Common Sparrow,Bird,No,No,Yes,2,Urban,Omnivore,Yes,Yes,15,No,No,No,No,No,No,No,Yes,No,3,No,Warm,No,Yes,0.06,6,Brown;Gray,No,Yes,No,Solid,70,Social,0.1,Learning,Poor,Poor,Basic,5,1,No,Colonial,Simple,Research;Education,30,Building Cavities,Seeds;Insects,Some,Ground Feeding;Gleaning,Non-Burrowing
Copperhead Snake,Reptile,Yes,No,No,0,Forest,Carnivore,Yes,No,2,No,No,No,Venomous,Yes,No,No,No,No,18,Yes,Warm,No,No,3.3,36,Copper;Brown,No,No,No,Banded,75,Fearful,0.2,Learning,Good,Poor,Basic,8,2,No,Solitary,No,Research;Education,1,Ground Cover,Small Mammals;Lizards,No,Ambush;Venom Strike,Non-Burrowing
Corn Snake,Reptile,Yes,No,No,0,Various,Carnivore,Yes,No,2,No,No,Yes,No,Yes,No,No,No,No,20,Yes,Warm,Yes,No,2,48,Orange;Red;Brown,No,Yes,No,Checkered,80,Dependent,0,Learning,Good,Poor,Basic,12,2,No,Solitary,No,Pets;Education,1,Underground,Rodents,No,Constriction;Ambush,Non-Burrowing
Cow,Mammal,No,Fur,No,4,Various,Herbivore,No,No,25,No,No,Yes,No,No,No,No,Yes,No,20,Yes,Warm,No,No,1600,60,Multiple,No,Yes,No,Patched,65,Dependent,0,Learning,Poor,Poor,Basic Vocalizations,0,0,No,Colonial,No,Meat;Milk;Leather,50,Ground Level,Grass;Hay,No,Grazing,Non-Burrowing
Coyote,Mammal,No,Fur,No,4,Various,Carnivore,No,No,43,No,No,No,No,Yes,No,No,Yes,No,14,Yes,Warm,No,No,30,24,Gray;Brown,No,Yes,No,Solid,65,Cautious,10,Complex Learner,Good,Poor,Complex,0,1,No,Family,Simple,Fur;Pest Control,6,Ground Den,Small Mammals;Birds,No,Pack Hunting;Stalking,Burrow User
Crested Gecko,Reptile,Yes,No,No,4,Tropical,Omnivore,Yes,No,5,No,No,Yes,No,Yes,No,No,No,No,15,No,Warm,Yes,No,0.12,8,Multiple,No,Yes,No,Spotted,75,Dependent,0,Learning,Professional,Poor,Basic,2,3,No,Solitary,No,Pets;Education,1,Tree Cover,Insects;Fruits,No,Stalking;Pouncing,Non-Burrowing
Cricket,Insect,No,No,No,6,Various,Omnivore,Yes,No,2,No,No,No,No,Yes,No,No,Yes,No,0.5,No,Warm,Yes,No,0.01,1,Brown;Black,No,Yes,No,Solid,75,Neutral,0.01,Simple,Poor,Poor,None,50,3,No,Groups,Complex,Pet Food,10,Ground,Plants;Detritus,No,Foraging,Non-Burrowing
Crow,Bird,No,No,Yes,2,Various,Omnivore,Yes,Yes,30,No,No,No,No,No,No,No,Yes,No,15,No,Warm,No,Yes,1,17,Black,No,Yes,No,Solid,70,Tolerant,0.5,Tool User,Professional,Poor,Basic Speech,5,1,No,Colonial,Simple,Pets,30,Tree Branch,Insects;Seeds;Carrion,Seasonal,Tool Use;Foraging,Non-Burrowing
Death's Head Cockroach,Insect,No,No,No,6,Tropical,Omnivore,Yes,Yes,3,No,No,Yes,No,Yes,No,No,Yes,Yes,2,Yes,Warm,Yes,Yes,0.01,2,Brown;Black,No,Yes,No,Skull Pattern,80,Dependent,0,Simple,Poor,Poor,None,40,4.5,No,Colonial,No,Pets;Education,50,Ground Litter,Plant Matter;Detritus,No,Scavenging,Tunneling
Degu,Mammal,No,Fur,No,4,Mountain,Herbivore,No,No,10,No,No,Yes,No,No,No,No,Yes,No,8,Yes,Warm,Yes,No,0.5,6,Brown;Gray,No,Yes,No,Solid,72,Dependent,0,Complex Learner,Good,Poor,Basic,0,1,Yes,Colonial,Complex,Pets;Research,10,Underground Colony,Seeds;Vegetables,No,Foraging;Grazing,Tunneling
Discus Fish,Fish,Yes,No,No,0,Freshwater,Omnivore,Yes,No,3,No,No,Yes,No,No,No,Yes,Yes,No,15,Yes,Warm,Yes,No,0.5,8,Multiple,No,Yes,Yes,Various,82,Dependent,0,Learning,Poor,Poor,None,100,4,No,Colonial,No,Pets;Ornamental,8,Vertical Surfaces,Small Invertebrates;Plants,No,Grazing;Picking,Non-Burrowing
Dog,Mammal,No,Fur,No,4,Various,Omnivore,No,No,45,No,No,Yes,No,No,No,No,Yes,No,12,Yes,Warm,Yes,No,30,24,Multiple,No,Yes,No,Various,72,Dependent,0,Complex Learner,Good,Poor,Basic Vocalizations,0,0,No,Family,Simple,Pets;Service;Protection,6,Human Structures,Meat;Commercial Feed,No,Scavenging;Hunting,Non-Burrowing
Dolphin,Mammal,No,No,No,0,Ocean,Carnivore,No,No,25,No,No,No,No,No,No,Yes,Yes,No,45,Yes,Warm,No,No,880,138,Gray,No,Yes,Yes,Solid,70,Social,100,Abstract Thinker,Poor,Professional,Complex Vocalizations,0,1,No,Colonial,No,Tourism;Entertainment,12,Open Ocean,Fish;Squid,Seasonal,Group Hunting;Echolocation,Non-Burrowing
Donkey,Mammal,No,Fur,No,4,Various,Herbivore,No,No,15,No,No,Yes,No,No,No,No,Yes,No,40,Yes,Warm,No,No,400,48,Gray;Brown,No,Yes,No,Solid,70,Dependent,0,Complex Learner,Poor,Poor,Basic,0,1,No,Colonial,No,Transport;Labor,10,Ground Level,Grass;Hay,No,Grazing;Browsing,Non-Burrowing
Dragonfly,Insect,No,No,No,6,Wetland,Carnivore,Yes,Yes,35,No,No,No,No,No,No,No,No,Yes,0.5,No,Warm,No,Yes,0.001,4,Multiple,No,Yes,No,Various,75,Neutral,0.1,Learning,Poor,Poor,None,100,2,No,Solitary,Complex,Pest Control,1,Water Plants,Flying Insects,No,Aerial Hunting,Non-Burrowing
Electric Eel,Fish,Yes,No,No,0,Freshwater,Carnivore,Yes,No,8,No,No,No,Venomous,Yes,No,Yes,No,No,15,Yes,Warm,No,No,44,96,Gray;Brown,No,Yes,Yes,Solid,75,Fearful,0.1,Learning,Poor,Professional,None,1200,4,No,Solitary,No,Research;Education,1,River Bottom,Fish;Invertebrates,No,Electrical Discharge;Stunning,Non-Burrowing
Elephant,Mammal,No,Fur,No,4,Forests;Savannas,Herbivore,No,No,25,No,No,No,No,No,No,No,Yes,No,65,Yes,Warm,No,No,13000,120,Gray;Brown,Yes,Yes,No,Textured,80,Tolerant,100,Abstract Thinker,Poor,Poor,Basic Vocalizations,0,0,No,Colonial,No,Ivory;Tourism,20,Ground Level,Grass;Leaves;Fruit,Seasonal,Grazing,Non-Burrowing
Elk,Mammal,No,Fur,No,4,Forest,Herbivore,No,No,45,No,No,No,No,No,No,No,Yes,No,20,Yes,Cold,No,No,800,57,Brown;Tan,No,Yes,No,Solid,60,Cautious,10,Learning,Poor,Poor,Basic,0,1,No,Colonial,No,Meat;Hide;Tourism,25,Ground Cover,Grass;Plants,Seasonal,Grazing;Browsing,Non-Burrowing
Fennec Fox,Mammal,No,Fur,No,4,Desert,Omnivore,No,No,25,No,No,Yes,No,Yes,No,No,Yes,No,12,Yes,Warm,Yes,No,3,8,Cream;White,No,Yes,No,Solid,90,Cautious,1,Complex Learner,Good,Poor,Basic,0,0.7,No,Family,Simple,Pets;Tourism,4,Underground Den,Insects;Small Prey,No,Pouncing;Digging,Tunneling
Ferret,Mammal,No,Fur,No,4,Various,Carnivore,No,No,15,No,No,Yes,No,Yes,No,No,Yes,No,8,Yes,Warm,Yes,No,3,15,Multiple,No,Yes,No,Solid,70,Dependent,0,Complex Learner,Good,Poor,Basic,0,0,No,Colonial,Simple,Pets;Hunting,8,Underground,Small Mammals;Birds,No,Stalking;Tunneling,Non-Burrowing
Fire-Bellied Toad,Amphibian,No,No,No,4,Semi-aquatic,Carnivore,Yes,No,3,No,No,Yes,Poisonous,No,No,No,Yes,Yes,12,No,Cold,Yes,No,0.1,2,Green;Red,No,No,No,Mottled,70,Dependent,0,Learning,Poor,Poor,Basic,40,2,No,Social,No,Pets;Research,5,Water Edge,Insects;Worms,No,Ambush;Tongue Strike,Non-Burrowing
Fire-bellied Newt,Amphibian,No,No,No,4,Wetland,Carnivore,Yes,No,0.5,No,No,Yes,Poisonous,No,No,Yes,No,Yes,15,No,Cold,Yes,No,0.035,3,Black;Red,No,Yes,No,Two-toned,68,Dependent,0,Learning,Poor,Poor,Basic,200,2,No,Social,No,Pets;Research,5,Water Edge,Insects;Worms,No,Stalking;Ambush,Non-Burrowing
Flamingo,Bird,No,No,Yes,2,Wetland,Omnivore,Yes,Yes,35,No,No,No,No,No,No,No,Yes,No,20,No,Warm,No,Yes,6,52,Pink;White;Red,No,Yes,No,Solid,75,Cautious,1,Learning,Poor,Good,Basic,1,1,No,Colonial,Complex,Pets,50,Mudflat,Algae;Small Crustaceans,Yes,Filter Feeding,Non-Burrowing
Flying Dragon Lizard,Reptile,Yes,No,No,4,Forest,Carnivore,Yes,Glides,8,Yes,No,No,No,No,No,No,No,No,10,Yes,Warm,No,Yes,0.14,8,Green;Orange;Brown,No,Yes,No,Various,80,Fearful,0.1,Learning,Professional,Poor,Basic,4,2,No,Solitary,No,Tourism;Research,1,Tree Holes,Insects,No,Gliding;Ambush,Non-Burrowing
Flying Fish,Fish,Yes,No,No,0,Marine,Carnivore,Yes,Glides,35,No,No,No,No,No,No,Yes,Yes,No,5,Yes,Cold,No,Yes,2,18,Blue;Silver,No,Yes,Yes,Solid,72,Fearful,0,Learning,Poor,Professional,None,50,4,No,School,No,Food,100,Open Ocean,Plankton;Small Fish,Yes,Surface Feeding;Gliding,Non-Burrowing
Fox,Mammal,No,Fur,No,4,Various,Omnivore,No,No,30,No,No,No,No,Yes,No,No,No,No,12,Yes,Warm,No,No,15,15,Red;White,No,Yes,No,Solid,65,Cautious,2,Complex Learner,Good,Poor,Basic,0,0,No,Family,Simple,Fur,4,Underground,Small Mammals;Birds;Berries,No,Stalking;Pouncing,Tunneling
Garter Snake,Reptile,Yes,No,No,0,Various,Carnivore,Yes,No,8,No,No,No,No,No,Yes,No,No,No,4,Yes,Warm,No,No,0.3,36,Green;Yellow;Black,No,Yes,No,Striped,72,Neutral,0.1,Learning,Poor,Poor,Basic,20,2,No,Solitary,No,Pets;Research,1,Ground Cover,Amphibians;Worms,No,Active Foraging;Striking,Non-Burrowing
Gazelle,Mammal,No,Fur,No,4,Savanna,Herbivore,No,No,60,No,No,No,No,No,No,No,Yes,No,12,Yes,Warm,No,No,95,36,Tan;White,Yes,Yes,No,Solid,85,Fearful,5,Learning,Poor,Poor,Basic,0,1,No,Colonial,No,Meat;Tourism,50,Ground Depression,Grass,Seasonal,Grazing;Browsing,Non-Burrowing
Gerbil,Mammal,No,Fur,No,4,Desert,Omnivore,No,No,8,No,No,Yes,No,Yes,No,No,Yes,No,4,Yes,Warm,Yes,No,0.15,4,Multiple,No,Yes,No,Solid,75,Dependent,0,Learning,Poor,Poor,Basic,0,0.7,Yes,Colonial,Complex,Pets;Research,8,Underground Burrow,Seeds;Plants,No,Foraging;Digging,Tunneling
Gharial,Reptile,Yes,No,No,4,River,Carnivore,Yes,No,15,No,No,No,No,No,No,Yes,No,No,50,Yes,Warm,No,No,350,240,Olive;Gray;Brown,Yes,Yes,No,Solid,80,Fearful,2,Learning,Poor,Professional,Basic,40,2,No,Solitary,No,Tourism;Conservation,1,River Bank,Fish,No,Ambush;Snapping,Non-Burrowing
Giraffe,Mammal,No,Fur,No,4,Grassland,Herbivore,No,No,35,No,No,No,No,No,No,No,Yes,Yes,25,Yes,Warm,No,No,2200,216,Tan;Brown;White Patches,Yes,Yes,No,Patched,80,Cautious,10,Learning,Poor,Poor,Basic,0,0,No,Colonial,No,Tourism,15,Ground Level,Leaves;Fruits,No,Grazing,Non-Burrowing
Goat,Mammal,No,Fur,No,4,Various,Herbivore,No,No,25,No,No,Yes,No,No,No,No,Yes,No,15,Yes,Warm,Yes,No,150,30,Multiple,No,Yes,No,Various,70,Dependent,0,Problem Solver,Good,Poor,Basic Vocalizations,0,0,No,Colonial,No,Meat;Milk;Hair,30,Ground Level,Grass;Leaves;Bark,No,Grazing,Non-Burrowing
Goldfish,Fish,Yes,No,No,0,Freshwater,Omnivore,Yes,No,3,No,No,Yes,No,No,No,Yes,Yes,No,15,No,Cold,Yes,No,0.5,12,Red;Orange;Yellow;White;Black,No,Yes,Yes,Various,68,Dependent,0,Learning,Poor,Poor,None,1000,4,No,Social,No,Pets,6,Open Ocean,Fish Food;Plants,No,Filter Feeding,Non-Burrowing
Gorilla,Mammal,No,Fur,No,4,Forest,Herbivore,No,No,25,No,No,No,No,No,No,No,Yes,No,40,Yes,Warm,No,No,400,67,Black,Yes,No,No,Solid,70,Cautious,15,Abstract Thinker,Good,Poor,Complex Vocalizations,0,0,No,Colonial,No,Tourism,15,Ground Level,Leaves;Fruits;Bamboo,No,Grazing,Non-Burrowing
Grasshopper,Insect,No,No,No,6,Various,Herbivore,Yes,Yes,10,No,No,No,No,No,No,No,Yes,Yes,0.3,No,Warm,No,Yes,0.001,2,Green;Brown,No,Yes,No,Solid,75,Neutral,0.01,Simple,Poor,Poor,None,100,3,No,Groups,No,Pest Control,50,Grass,Plants,No,Chewing,Non-Burrowing
Green Cheek Conure,Bird,No,No,Yes,2,Domestic,Omnivore,Yes,Yes,20,No,No,Yes,No,No,No,No,Yes,No,25,No,Warm,Yes,Yes,0.3,10,Green;Red;Yellow,No,Yes,No,Multi-colored,75,Dependent,0,Complex Learner,Professional,Poor,Basic Speech,4,1.2,No,Pairs,No,Pets;Entertainment,2,Tree Cavity,Seeds;Fruits,No,Foraging;Crushing,Non-Burrowing
Green Iguana,Reptile,Yes,No,No,4,Tropical,Herbivore,Yes,No,21,No,No,Yes,No,No,No,No,No,No,20,Yes,Warm,Yes,No,11,72,Green,No,Yes,No,Solid,85,Dependent,0,Learning,Professional,Poor,Basic,40,1.5,No,Solitary,No,Pets;Leather,1,Ground Burrow,Leaves;Fruits,No,Browsing;Climbing,Non-Burrowing
Groundhog,Mammal,No,Fur,No,4,Various,Herbivore,No,No,15,No,No,No,No,No,Yes,No,No,No,6,Yes,Warm,No,No,13.5,18,Brown,No,Yes,No,Solid,70,Cautious,0.1,Learning,Poor,Poor,Basic,0,1,Yes,Solitary,Simple,Pest Control;Research,1,Underground Burrow,Plants;Vegetables,No,Grazing;Browsing,Tunneling
Guinea Fowl,Bird,No,No,Yes,2,Various,Omnivore,Yes,Yes,15,No,No,Yes,No,No,No,No,Yes,No,10,No,Warm,No,Yes,3.5,22,Gray;White Spots,No,Yes,No,Spotted,75,Dependent,0,Learning,Poor,Poor,Basic,15,1,No,Colonial,No,Meat;Eggs;Pest Control,20,Ground Cover,Seeds;Insects,No,Scratching;Pecking,Non-Burrowing
Guinea Pig,Mammal,No,Fur,No,4,Domestic,Herbivore,No,No,3,No,No,Yes,No,No,No,No,Yes,No,8,Yes,Warm,Yes,No,2.5,4,Multiple,No,Yes,No,Various,72,Dependent,0,Learning,Poor,Poor,Basic,0,4,Yes,Colonial,Yes,Pets;Research,6,Ground Level,Hay;Vegetables,No,Grazing;Foraging,Non-Burrowing
Guppy,Fish,Yes,No,No,0,Freshwater,Omnivore,Yes,No,2,No,No,Yes,No,No,No,Yes,Yes,No,2,Yes,Warm,Yes,No,0.1,2,Multiple,No,Yes,Yes,Various,75,Dependent,0,Learning,Poor,Poor,None,60,12,No,Social,No,Pets,10,Plants,Fish Food;Algae,No,Grazing,Non-Burrowing
Hammerhead Shark,Fish,Yes,No,No,0,Marine,Carnivore,Yes,No,25,No,No,No,No,No,No,Yes,Yes,No,30,Yes,Warm,No,No,500,144,Gray,Yes,Yes,Yes,Solid,72,Fearful,100,Learning,Poor,Professional,None,30,4,No,School,No,Tourism;Research,25,Open Ocean,Fish;Squid,Yes,Active Hunting;Electroreception,Non-Burrowing
Hamster,Mammal,No,Fur,No,4,Various,Omnivore,No,No,8,No,No,Yes,No,Yes,No,No,No,No,2,Yes,Warm,Yes,No,0.25,2,Multiple,No,Yes,No,Various,72,Dependent,0,Learning,Poor,Poor,Basic,0,0,Yes,Solitary,Complex,Pets,1,Underground,Seeds;Insects;Vegetables,No,Foraging,Simple Burrower
Harpy Eagle,Bird,No,No,Yes,2,Rainforest,Carnivore,Yes,Yes,50,No,No,No,No,No,No,No,No,No,35,No,Warm,No,Yes,20,40,Black;White;Gray,Yes,Yes,No,Two-toned,75,Fearful,25,Complex Learner,Professional,Excellent,Basic,2,1,No,Pairs,No,Tourism;Conservation,2,Emergent Trees,Monkeys;Sloths,No,Aerial Attack;Ambush,Non-Burrowing
Hedgehog,Mammal,No,Fur,No,4,Various,Insectivore,No,No,4,No,No,Yes,No,Yes,Yes,No,No,No,4,Yes,Warm,Yes,No,1.5,6,Brown;White,No,Yes,No,Solid,70,Tolerant,0.1,Learning,Poor,Poor,Basic,0,0,No,Solitary,No,Pets,1,Underground,Insects;Worms;Snails,No,Foraging,Non-Burrowing
Hippopotamus,Mammal,No,Fur,No,4,River,Herbivore,No,No,19,No,No,No,No,No,No,Yes,Yes,No,45,Yes,Warm,No,No,3300,60,Gray;Pink;Brown,No,Yes,No,Solid,85,Aggressive,1,Complex Learner,Poor,Good,Basic,0,0,No,Colonial,No,Meat;Hide,20,Water's Edge,Grass;Aquatic Plants,No,Grazing,Non-Burrowing
Honeybee,Insect,No,No,No,6,Various,Herbivore,Yes,Yes,15,No,No,No,Venomous,No,No,No,Yes,Yes,0.2,No,Warm,No,Yes,0.00025,0.5,Yellow;Black,Yes,No,No,Striped,75,Social,0,Learning,Poor,Poor,None,1500,3,No,Colonial,Complex,Honey;Wax;Pollination,50000,Hive,Nectar;Pollen,No,Nectar Collection;Pollen Gathering,Non-Burrowing
Horned Lizard,Reptile,Yes,No,No,4,Desert,Carnivore,Yes,No,5,Yes,No,No,No,No,No,No,No,No,8,Yes,Warm,No,No,0.15,4,Brown;Tan,No,Yes,No,Camouflaged,90,Fearful,0.1,Learning,Poor,Poor,Basic,30,1.4,No,Solitary,No,Research;Education,1,Sandy Burrow,Ants;Insects,No,Ambush;Tongue Capture,Simple Burrower
Horse,Mammal,No,No,No,4,Various,Herbivore,No,No,55,No,No,Yes,No,No,No,No,Yes,No,27,Yes,Warm,Yes,No,1000,66,Multiple,No,Yes,No,Various,65,Dependent,0,Complex Learner,Poor,Poor,Basic Vocalizations,0,0,No,Colonial,No,Transport;Sport;Work,20,Ground Level,Grass;Hay,No,Grazing,Non-Burrowing
House Finch,Bird,No,No,Yes,2,Various,Herbivore,Yes,Yes,20,No,No,No,No,No,No,No,Yes,No,5,No,Warm,No,Yes,0.07,6,Red;Brown,No,Yes,No,Solid,70,Tolerant,0.1,Learning,Poor,Poor,Basic,5,1,No,Colonial,Simple,Tourism;Education,15,Building Ledges,Seeds;Fruits,Some,Picking;Gleaning,Non-Burrowing
House Fly,Insect,No,No,No,6,Various,Omnivore,Yes,Yes,5,No,No,No,No,No,No,No,Yes,Yes,0.1,No,Warm,No,Yes,0.0001,0.25,Black,No,No,No,Solid,72,Social,0,Simple,Poor,Poor,None,150,3,No,Groups,No,Research;Education,50,Organic Matter,Decomposing Matter,No,Scavenging;Lapping,Non-Burrowing
House Spider,Arachnid,No,Hair,No,8,Various,Carnivore,Yes,No,1,No,No,No,No,Yes,No,No,No,No,1,No,Warm,No,No,0.001,1,Brown;Black,No,No,No,Solid,72,Neutral,0.01,Learning,Professional,Poor,None,100,2,No,Solitary,No,Pest Control;Research,1,Web,Insects,No,Web Trapping;Ambush,Non-Burrowing
Hummingbird,Bird,No,No,Yes,2,Various,Omnivore,Yes,Yes,30,No,No,No,No,No,No,No,No,No,4,No,Warm,No,Yes,0.01,4,Green;Red;Multiple,No,Yes,No,Iridescent,75,Tolerant,0.1,Learning,Professional,Good,Basic,2,2,No,Solitary,No,Pets,1,Tree Branch,Nectar;Insects,Yes,Hovering,Non-Burrowing
Hyena,Mammal,No,Fur,No,4,Savanna,Carnivore,No,No,40,No,No,No,No,Yes,No,No,Yes,No,25,Yes,Warm,No,No,140,30,Gray;Brown;Black,No,Yes,No,Spotted,85,Fearful,40,Complex Learner,Good,Poor,Complex,0,1,No,Clan,Simple,Tourism;Research,15,Den,Large Mammals;Carrion,No,Pack Hunting;Scavenging,Burrow User
Jaguar,Mammal,No,Fur,No,4,Forest,Carnivore,No,No,50,No,No,No,No,Yes,No,No,No,No,15,Yes,Warm,No,No,200,30,Yellow;Black,Yes,Yes,No,Spotted,80,Fearful,25,Complex Learner,Professional,Good,Basic,0,0,No,Solitary,No,Tourism,1,Tree Branch,Large Mammals;Fish,No,Stalking;Ambush,Burrow User
Jellyfish,Cnidarian,No,No,No,0,Marine,Carnivore,Yes,No,8,Yes,No,No,Venomous,No,No,Yes,Yes,No,1,No,Cold,No,No,0.5,12,Clear;Blue;Pink;Purple,No,No,No,Clear,65,Neutral,0,Simple,Poor,Professional,None,45000,2,No,Bloom,No,Research;Education,1000,Open Ocean,Plankton;Small Fish,Yes,Stinging;Drifting,Non-Burrowing
Kangaroo,Mammal,No,Fur,No,4,Grassland,Herbivore,No,No,40,No,Yes,No,No,No,No,No,Yes,No,22,Yes,Warm,No,No,150,72,Brown;Gray,No,Yes,No,Solid,75,Cautious,15,Learning,Poor,Poor,Basic,0,0,No,Colonial,No,Meat;Leather,50,Ground Level,Grass;Leaves,No,Grazing,Burrow User
Koala,Mammal,No,Fur,No,4,Forest,Herbivore,No,No,20,No,Yes,No,No,Yes,No,No,No,No,15,Yes,Warm,No,No,30,30,Gray,Yes,Yes,No,Solid,75,Cautious,0.1,Learning,Professional,Poor,Basic,0,0,No,Solitary,No,Tourism,1,Tree Branch,Eucalyptus Leaves,No,Grazing,Non-Burrowing
Koi,Fish,Yes,No,No,0,Freshwater,Omnivore,Yes,No,4,No,No,Yes,No,No,No,Yes,Yes,No,40,Yes,Warm,Yes,No,25,24,Multiple,No,Yes,Yes,Various,65,Dependent,0,Learning,Poor,Poor,None,500000,1,No,Social,No,Ornamental,15,Pond,Fish Food;Plants,No,Filter Feeding,Non-Burrowing
Komodo Dragon,Reptile,Yes,No,No,4,Islands;Tropical,Carnivore,Yes,No,13,No,No,No,Venomous,No,No,No,No,No,30,Yes,Warm,No,No,150,36,Gray;Brown,Yes,Yes,No,Solid,85,Aggressive,5,Complex Learner,Good,Poor,Basic,20,1,No,Solitary,No,Tourism,1,Ground Nest,Large Mammals;Carrion,No,Stalking;Venomous Bite,Non-Burrowing
Ladybug,Insect,No,No,No,6,Various,Carnivore,Yes,Yes,0.1,No,No,No,No,No,Yes,No,Yes,Yes,1,No,Warm,No,Yes,0.0001,0.25,Red;Black,No,No,No,Spotted,70,Neutral,0,Simple,Poor,Poor,None,20,4,No,Groups,No,Pest Control,10,Plants,Aphids;Scale Insects,Yes,Hunting,Non-Burrowing
Leopard,Mammal,No,Fur,No,4,Various,Carnivore,No,No,58,No,No,No,No,Yes,No,No,No,No,17,Yes,Warm,No,No,130,28,Yellow;Black Spots,Yes,Yes,No,Spotted,80,Fearful,15,Complex Learner,Professional,Poor,Basic,0,0,No,Solitary,Simple,Tourism,1,Tree Branch,Medium Mammals;Small Mammals,No,Stalking;Ambush,Burrow User
Leopard Gecko,Reptile,Yes,No,No,4,Desert,Carnivore,Yes,No,3,No,No,Yes,No,Yes,No,No,No,No,15,Yes,Warm,Yes,No,0.15,8,Yellow;Black Spots,No,Yes,No,Spotted,85,Dependent,0,Learning,Good,Poor,Basic,2,1.4,No,Solitary,No,Pets;Education,1,Rock Crevices,Insects;Worms,No,Stalking;Pouncing,Non-Burrowing
Lion,Mammal,No,Fur,No,4,Savanna,Carnivore,No,No,50,No,No,No,No,Yes,No,No,Yes,No,15,Yes,Warm,No,No,400,48,Tan,Yes,Yes,No,Solid,85,Fearful,100,Complex Learner,Poor,Poor,Basic Vocalizations,0,0,No,Colonial,No,Tourism,15,Ground Level,Large Mammals;Medium Mammals,No,Pack Hunting;Ambush,Burrow User
Lionfish,Fish,Yes,No,No,0,Marine,Carnivore,Yes,No,5,No,No,No,Venomous,Yes,No,Yes,No,No,15,Yes,Warm,No,No,2.5,15,Red;White;Brown,No,Yes,Yes,Striped,78,Fearful,0.1,Learning,Poor,Professional,None,30000,4,No,Solitary,No,Pets,1,Reef,Small Fish;Crustaceans,No,Venomous Spines,Non-Burrowing
Llama,Mammal,No,Fur,No,4,Mountain,Herbivore,No,No,35,No,No,Yes,No,No,No,No,Yes,No,20,Yes,Warm,No,No,400,72,Brown;White,No,Yes,No,Solid,65,Tolerant,0,Learning,Poor,Poor,Basic,0,0,No,Colonial,No,Wool;Transport,15,Ground Level,Grass;Hay,No,Grazing,Non-Burrowing
Lobster,Crustacean,No,No,No,10,Marine,Omnivore,Yes,No,5,No,No,No,No,Yes,No,Yes,No,No,50,No,Cold,No,No,4,24,Red;Brown,No,Yes,No,Solid,65,Neutral,0.1,Learning,Poor,Professional,None,10000,1,No,Solitary,No,Food,1,Ocean Floor,Fish;Mollusks,No,Scavenging,Non-Burrowing
Macaw,Bird,No,No,Yes,2,Forest,Herbivore,Yes,Yes,35,No,No,Yes,No,No,No,No,Yes,No,50,No,Warm,Yes,Yes,2,30,Multiple,Yes,Yes,No,Multicolor,85,Dependent,0,Tool User,Professional,Poor,Advanced Speech,2,1,No,Pairs,No,Pets;Entertainment,2,Tree Cavity,Seeds;Nuts;Fruits,No,Foraging,Non-Burrowing
Madagascar Hissing Cockroach,Insect,No,No,No,6,Tropical,Omnivore,Yes,No,3,No,No,Yes,No,Yes,No,No,Yes,Yes,2,Yes,Warm,Yes,No,0.02,3,Brown,No,Yes,No,Solid,80,Dependent,0,Simple,Poor,Poor,None,60,4.5,No,Colonial,No,Pets;Education,100,Ground Litter,Plant Matter,No,Scavenging,Non-Burrowing
Mantis Shrimp,Crustacean,No,No,No,8,Marine;Coral Reef,Carnivore,Yes,No,50,Yes,No,No,Venomous,No,No,Yes,No,No,6,No,Warm,No,No,0.5,7,Multiple,No,Yes,No,Iridescent,75,Neutral,0.01,Complex Learner,Poor,Professional,None,50,3,No,Solitary,No,Research;Education,1,Burrow,Crustaceans;Mollusks,No,Striking;Spearing,Non-Burrowing
Meerkat,Mammal,No,Fur,No,4,Desert,Omnivore,No,No,20,No,No,No,No,No,No,No,Yes,No,8,Yes,Warm,No,No,2,12,Tan;Brown,No,Yes,No,Solid,85,Cautious,2,Complex Learner,Poor,Poor,Complex,0,0,No,Colonial,No,Tourism,20,Underground,Insects;Small Vertebrates,No,Group Hunting;Foraging,Tunneling
Moose,Mammal,No,Fur,No,4,Forest,Herbivore,No,No,35,No,No,No,No,No,No,No,No,No,20,Yes,Cold,No,No,1500,108,Brown;Black,No,Yes,No,Solid,45,Cautious,10,Learning,Poor,Poor,Basic,0,0,No,Solitary,No,Meat;Hide,1,Forest Floor,Leaves;Bark;Aquatic Plants,Seasonal,Grazing,Non-Burrowing
Mosquito,Insect,No,No,No,6,Various,Carnivore,Yes,Yes,1.5,No,No,No,No,Yes,No,No,Yes,Yes,0.1,No,Warm,No,Yes,0.00001,0.25,Gray;Black,No,No,No,Solid,75,Social,0,Simple,Poor,Poor,None,100,4,No,Swarms,No,Pest Control,1000,Water Surface,Blood;Nectar,Yes,Blood Feeding,Non-Burrowing
Mountain Lion,Mammal,No,Fur,No,4,Various,Carnivore,No,No,50,No,No,No,No,Yes,No,No,No,No,20,Yes,Warm,No,No,220,30,Tan,No,Yes,No,Solid,65,Fearful,150,Complex Learner,Professional,Poor,Basic,0,1,No,Solitary,Simple,Tourism;Fur,1,Cave;Rock Shelter,Large Mammals;Deer,No,Stalking;Ambush,Burrow User
Mule,Mammal,No,Fur,No,4,Various,Herbivore,No,No,20,No,No,Yes,No,No,No,No,Yes,No,40,Yes,Warm,No,No,950,60,Brown;Black,No,Yes,No,Solid,70,Dependent,0,Complex Learner,Poor,Poor,Basic,0,1,No,Colonial,No,Transport;Labor,10,Ground Level,Grass;Hay,No,Grazing;Browsing,Non-Burrowing
Muscovy Duck,Bird,No,No,Yes,2,Semi-aquatic,Omnivore,Yes,Yes,15,No,No,Yes,No,No,No,Yes,Yes,No,12,No,Warm,Yes,Yes,15,30,Black;White,No,Yes,No,Various,70,Dependent,0,Learning,Poor,Good,Basic,12,1,No,Colonial,No,Meat;Eggs,15,Ground Near Water,Plants;Insects,No,Dabbling;Grazing,Non-Burrowing
Narwhal,Mammal,No,No,No,0,Arctic Ocean,Carnivore,No,No,20,No,No,No,No,No,No,Yes,Yes,No,50,Yes,Cold,No,No,1800,180,Gray;White;Black,No,Yes,Yes,Solid,32,Fearful,1000,Complex Learner,Poor,Professional,Basic,0,1,No,Colonial,No,Tourism;Traditional Use,20,Open Ocean,Fish;Squid,Seasonal,Deep Diving;Suction Feeding,Non-Burrowing
Neon Tetra,Fish,Yes,No,No,0,Freshwater,Omnivore,Yes,No,2,No,No,Yes,No,No,No,Yes,Yes,No,5,Yes,Warm,Yes,No,0.003,1.5,Blue;Red;Silver,No,Yes,Yes,Striped,75,Dependent,0,Learning,Poor,Poor,None,60,4,No,Social,No,Pets,20,Plants,Fish Food;Microorganisms,No,Picking;Surface Feeding,Non-Burrowing
Octopus,Mollusk,No,No,No,8,Ocean,Carnivore,Yes,No,25,Yes,No,No,No,Yes,No,Yes,No,No,5,No,Warm,No,No,110,180,Red;White,No,No,No,Mottled,45,Cautious,0.5,Tool User,Poor,Professional,None,100000,1,No,Solitary,No,Food;Research,1,Den;Rock Crevice,Crustaceans;Mollusks,No,Ambush;Tool Use,Non-Burrowing
Orangutan,Mammal,No,Fur,No,4,Forest,Omnivore,No,No,15,No,No,No,No,No,No,No,No,No,50,Yes,Warm,No,No,200,54,Red;Brown,Yes,No,No,Solid,80,Cautious,10,Abstract Thinker,Professional,Poor,Complex Vocalizations,0,0,No,Solitary,No,Tourism,1,Tree Branch,Fruits;Leaves;Insects,No,Grazing,Non-Burrowing
Orca,Mammal,No,No,No,0,Ocean,Carnivore,No,No,34,No,No,No,No,No,No,Yes,Yes,No,90,Yes,Cold,No,No,22000,300,Black;White,No,Yes,Yes,Bi-colored,45,Social,1500,Abstract Thinker,Poor,Professional,Complex Vocalizations,0,0,No,Family,No,Tourism,25,Ground Level,Fish;Marine Mammals,Ocean,Pack Hunting;Echolocation,Non-Burrowing
Ostrich,Bird,No,No,Yes,2,Grassland,Omnivore,Yes,No,45,No,No,Yes,No,No,No,No,Yes,No,40,No,Warm,No,No,290,108,Black;White,No,Yes,No,Bi-colored,80,Cautious,1,Learning,Poor,Good,Basic,12,4,No,Colonial,No,Meat;Feathers;Eggs,10,Ground Level,Plants;Seeds;Small Animals,No,Foraging,Non-Burrowing
Otter,Mammal,No,Fur,No,4,River,Carnivore,No,No,18,No,No,No,No,No,No,Yes,Yes,No,9,Yes,Warm,No,No,20,24,Brown,No,Yes,No,Solid,65,Tolerant,1,Complex Learner,Good,Professional,Basic,0,0,No,Family,No,Tourism,8,River Bank,Fish;Crustaceans,No,Diving;Tool Use,Non-Burrowing
Owl,Bird,No,No,Yes,2,Various,Carnivore,Yes,Yes,40,No,No,No,No,Yes,No,No,No,No,18,No,Warm,No,Yes,3,24,Brown;White,Yes,Yes,No,Mottled,65,Cautious,1,Complex Learner,Professional,Good,Basic,4,1,No,Solitary,No,Pets,1,Tree Cavity,Small Mammals;Birds,No,Silent Flight;Ambush,Non-Burrowing
Panda,Mammal,No,Fur,No,4,Forest,Herbivore,No,No,20,No,No,No,No,No,No,No,No,No,20,Yes,Cold,No,No,250,72,Black;White,Yes,Yes,No,Bi-colored,65,Cautious,2,Learning,Good,Poor,Basic,0,0,No,Solitary,No,Tourism,1,Ground Level,Bamboo,No,Grazing,Non-Burrowing
Pangolin,Mammal,Yes,Fur,No,4,Various,Insectivore,No,No,3,No,No,No,No,Yes,No,No,No,No,20,No,Warm,No,No,33,24,Brown,Yes,Yes,No,Scaled,75,Fearful,0.5,Learning,Good,Poor,Basic,0,0,No,Solitary,No,Tourism,1,Underground,Ants;Termites,No,Tongue Hunting;Digging,Tunneling
Peacock,Bird,No,No,Yes,2,Various,Omnivore,Yes,Yes,10,No,No,Yes,No,No,No,No,Yes,No,20,No,Warm,No,Yes,13,45,Blue;Green;Multiple,No,Yes,No,Iridescent,75,Tolerant,0,Learning,Poor,Good,Basic,5,2,No,Colonial,No,Feathers;Ornamental,15,Ground Level,Seeds;Insects;Plants,No,Foraging,Non-Burrowing
Penguin,Bird,No,No,Yes,2,Coastal,Carnivore,Yes,No,15,No,No,No,No,No,No,Yes,Yes,No,20,No,Cold,No,No,50,36,Black;White,Yes,Yes,No,Bi-colored,32,Tolerant,0,Complex Learner,Poor,Professional,Basic,1,1,No,Colonial,No,Tourism,1000,Ground Level,Fish;Squid,Seasonal,Diving;Swimming,Non-Burrowing
Pig,Mammal,No,Fur,No,4,Various,Omnivore,No,No,11,No,No,Yes,No,No,No,No,Yes,No,15,Yes,Warm,Yes,No,600,36,Pink;Black,No,Yes,No,Solid,70,Dependent,0,Complex Learner,Poor,Poor,Basic Vocalizations,0,0,No,Colonial,No,Meat;Leather,20,Ground Level,Roots;Fruits;Everything,No,Rooting;Foraging,Tunneling
Pigeon,Bird,No,No,Yes,2,Urban,Omnivore,Yes,Yes,25,No,No,Yes,No,No,No,No,Yes,No,6,No,Warm,Yes,Yes,0.69,12.5,Gray;Various,No,Yes,No,Various,65,Social,0.1,Learning,Poor,Poor,Basic,2,6,No,Colonial,No,Racing;Research,50,Building Ledges,Seeds;Human Food,No,Ground Feeding;Pecking,Non-Burrowing
Platypus,Mammal,No,Fur,No,4,River,Carnivore,Yes,No,15,No,No,No,Venomous,Yes,No,Yes,Yes,No,17,No,Cold,No,No,5,20,Brown,Yes,Yes,No,Solid,65,Fearful,0.5,Learning,Poor,Professional,Basic,2,2,No,Solitary,No,Tourism,1,River Bank,Insects;Crustaceans,No,Electroreception;Diving,Non-Burrowing
Polar Bear,Mammal,No,Fur,No,4,Arctic,Carnivore,No,No,25,No,No,No,No,No,No,Yes,No,No,25,Yes,Cold,No,No,1200,60,White,Yes,Yes,No,Solid,30,Fearful,1000,Complex Learner,Poor,Professional,Basic,0,1,No,Solitary,No,Tourism;Fur,1,Snow Den,Seals;Fish,Seasonal,Still Hunting;Stalking,Burrow User
Porcupine,Mammal,No,Fur,No,4,Various,Herbivore,No,No,2,No,No,No,No,Yes,No,No,No,No,15,Yes,Warm,No,No,20,30,Brown;Black,No,Yes,No,Solid,70,Fearful,0.2,Learning,Good,Poor,Basic,0,0,No,Solitary,No,Tourism,1,Ground Level,Bark;Plants;Fruits,No,Grazing,Non-Burrowing
Prairie Dog,Mammal,No,Fur,No,4,Grassland,Herbivore,No,No,10,No,No,No,No,No,Yes,No,Yes,No,8,Yes,Warm,No,No,2,12,Brown,No,Yes,No,Solid,75,Cautious,1,Complex Learner,Poor,Poor,Complex,0,1,Yes,Colonial,Yes,Research;Education,200,Underground,Grass;Seeds;Roots,No,Grazing;Social Foraging,Tunneling
Praying Mantis,Insect,No,No,No,6,Various,Carnivore,Yes,Yes,0.1,Yes,No,No,No,Yes,No,No,No,No,1,No,Warm,No,Yes,0.01,4,Green;Brown,No,No,No,Solid,75,Neutral,0.01,Learning,Poor,Poor,None,200,1,No,Solitary,No,Pest Control;Education,1,Plants,Insects,No,Ambush;Grabbing,Non-Burrowing
Pygmy Goat,Mammal,No,Fur,No,4,Domestic,Herbivore,No,No,15,No,No,Yes,No,No,No,No,Yes,No,12,Yes,Warm,Yes,No,50,20,Multiple,No,Yes,No,Various,70,Dependent,0,Complex Learner,Good,Poor,Basic,0,1.2,No,Colonial,No,Pets;Milk;Meat,10,Ground Level,Grass;Leaves,No,Browsing;Grazing,Non-Burrowing
Python,Reptile,Yes,No,No,0,Various,Carnivore,Yes,No,1,No,No,No,No,Yes,No,No,Yes,No,25,Yes,Warm,Yes,No,250,144,Multiple,No,No,No,Mottled,85,Fearful,0.1,Learning,Professional,Poor,Basic,8,1,No,Solitary,No,Pets;Leather,1,Ground Level,Mammals;Birds,No,Constriction;Ambush,Burrow User
Quail,Bird,No,No,Yes,2,Various,Omnivore,Yes,Yes,20,No,No,Yes,No,No,No,No,Yes,No,4,No,Warm,Yes,Yes,0.3,7,Brown;White,No,Yes,No,Speckled,72,Dependent,0,Learning,Poor,Poor,Basic,12,1,No,Colonial,No,Meat;Eggs;Pets,15,Ground Cover,Seeds;Insects,Some,Ground Feeding;Scratching,Simple Burrower
Rabbit,Mammal,No,Fur,No,4,Various,Herbivore,No,No,35,No,No,Yes,No,Yes,No,No,Yes,No,10,Yes,Warm,Yes,No,8,8,Multiple,No,Yes,No,Various,70,Dependent,0,Learning,Poor,Poor,Basic,0,0,No,Colonial,No,Meat;Fur;Pets,8,Underground,Grass;Vegetables,No,Foraging,Tunneling
Raccoon,Mammal,No,Fur,No,4,Various,Omnivore,No,No,15,No,No,No,No,Yes,No,No,No,No,3,Yes,Warm,No,No,20,24,Gray;Black,No,Yes,No,Masked,65,Tolerant,1,Tool User,Excellent,Good,Basic,0,0,No,Family,Simple,Tourism,4,Tree Cavity,Fruits;Small Animals;Human Food,No,Tool Use;Foraging,Non-Burrowing
Rat,Mammal,No,Fur,No,4,Various,Omnivore,No,No,8,No,No,No,No,Yes,No,No,Yes,No,2,Yes,Warm,Yes,No,0.5,7,Brown;Black,No,Yes,No,Solid,72,Tolerant,0.01,Complex Learner,Excellent,Poor,Basic,0,0,Yes,Colonial,Simple,Research;Pets,12,Underground,Seeds;Human Food;Everything,No,Foraging,Tunneling
Red Panda,Mammal,No,Fur,No,4,Forest,Herbivore,No,No,24,No,No,No,No,No,No,No,No,No,12,Yes,Cold,No,No,10,24,Red;White,Yes,Yes,No,Bi-colored,65,Cautious,1,Complex Learner,Professional,Poor,Basic,0,1,No,Solitary,No,Tourism,1,Tree Hollow,Bamboo;Fruits;Leaves,No,Foraging;Climbing,Non-Burrowing
Red Snapper,Fish,Yes,No,No,0,Marine,Carnivore,Yes,No,25,No,No,No,No,No,No,Yes,No,No,20,Yes,Warm,No,No,50,36,Red;Silver,Yes,Yes,Yes,Solid,72,Neutral,10,Learning,Poor,Professional,None,10000,4,No,School,No,Food,50,Ocean Floor,Fish;Crustaceans,No,Active Hunting;Ambush,Non-Burrowing
Red-tailed Hawk,Bird,No,No,Yes,2,Various,Carnivore,Yes,Yes,120,No,No,No,No,No,No,No,No,No,20,No,Warm,No,Yes,3,22,Brown;Red,No,Yes,No,Mottled,70,Fearful,2,Complex Learner,Professional,Excellent,Basic,3,1,No,Pairs,No,Tourism;Education,2,Tree Top;Cliff,Small Mammals;Birds,Some,Soaring;Diving,Non-Burrowing
Rhinoceros,Mammal,No,Fur,No,4,Grassland,Herbivore,No,No,34,No,No,No,No,No,No,No,No,No,45,Yes,Warm,No,No,4000,70,Gray,Yes,Yes,No,Solid,80,Aggressive,10,Learning,Poor,Poor,Basic,0,0,No,Solitary,No,Horn;Tourism,1,Ground Level,Grass;Leaves,No,Grazing,Non-Burrowing
Ring-necked Pheasant,Bird,No,No,Yes,2,Grassland,Omnivore,Yes,Yes,35,No,No,Yes,No,No,No,No,Yes,No,3,No,Warm,Yes,Yes,2.75,22,Multiple;Iridescent,No,Yes,No,Patterned,70,Cautious,1,Learning,Poor,Poor,Basic,12,1,No,Small Groups,No,Meat;Sport;Feathers,10,Ground Cover,Seeds;Insects,No,Ground Feeding;Scratching,Non-Burrowing
Robin,Bird,No,No,Yes,2,Various,Omnivore,Yes,Yes,20,No,No,No,No,No,No,No,Yes,No,2,No,Warm,No,Yes,0.17,6,Brown;Red,No,Yes,No,Solid,65,Tolerant,0.1,Learning,Poor,Poor,Basic,4,2,No,Pairs,No,Tourism;Education,2,Tree Branch,Worms;Insects,Some,Ground Feeding;Probing,Non-Burrowing
Russian Tortoise,Reptile,Yes,No,No,4,Desert,Herbivore,Yes,No,0.2,No,No,Yes,No,No,Yes,No,No,No,50,No,Warm,Yes,No,2.2,8,Brown;Black,No,Yes,No,Shell Pattern,75,Dependent,0,Learning,Poor,Poor,Basic,3,1.4,No,Solitary,No,Pets;Education,1,Burrow,Vegetables;Plants,No,Grazing;Browsing,Simple Burrower
Salmon,Fish,Yes,No,No,0,Marine;River,Carnivore,Yes,No,20,No,No,No,No,No,No,Yes,Yes,No,8,Yes,Cold,No,No,30,36,Silver;Pink,Yes,Yes,Yes,Solid,50,Neutral,1000,Learning,Poor,Professional,None,5000,1,No,School,No,Food,1000,Gravel Bed,Fish;Krill,Yes,Filter Feeding,Non-Burrowing
Sea Lion,Mammal,No,Fur,No,4,Coastal,Carnivore,No,No,25,No,No,No,No,No,No,Yes,Yes,No,20,Yes,Cold,No,No,700,84,Brown,No,Yes,Yes,Solid,60,Social,5,Complex Learner,Poor,Professional,Basic,0,1,No,Colonial,No,Tourism,100,Beach,Fish;Squid,Seasonal,Pursuit Swimming;Ambush,Non-Burrowing
Sea Turtle,Reptile,Yes,No,No,4,Marine,Omnivore,Yes,No,22,No,No,No,No,No,No,Yes,No,No,80,No,Warm,No,No,350,48,Green;Brown,Yes,Yes,No,Shell Pattern,75,Cautious,1000,Learning,Poor,Professional,Basic,100,2,No,Solitary,No,Tourism;Conservation,1,Beach,Jellyfish;Seagrass,Yes,Active Swimming;Grazing,Non-Burrowing
Seagull,Bird,No,No,Yes,2,Coastal,Omnivore,Yes,Yes,25,No,No,No,No,No,No,No,Yes,No,10,No,Warm,No,Yes,2.5,24,White;Gray,No,Yes,No,Solid,65,Social,10,Complex Learner,Poor,Good,Basic,3,1,No,Colonial,No,Research;Education,100,Ground;Cliff,Fish;Human Food,Yes,Scavenging;Diving,Non-Burrowing
Seahorse,Fish,Yes,No,No,0,Ocean,Carnivore,Yes,No,0.1,Yes,No,No,No,No,No,Yes,No,No,4,No,Warm,No,No,0.01,6,Multiple,Yes,Yes,Yes,Solid,72,Neutral,0.001,Learning,Poor,Professional,None,200,3,No,Pairs,No,Pets,2,Coral,Plankton;Tiny Crustaceans,No,Suction Feeding,Non-Burrowing
Seal,Mammal,No,Fur,No,4,Coastal,Carnivore,No,No,23,No,No,No,No,No,No,Yes,Yes,No,30,Yes,Cold,No,No,250,72,Gray,No,Yes,No,Solid,45,Cautious,10,Complex Learner,Poor,Professional,Basic,0,0,No,Colonial,No,Fur;Meat,50,Beach,Fish;Squid,Seasonal,Diving;Swimming,Non-Burrowing
Shark,Fish,Yes,No,No,0,Ocean,Carnivore,Yes,No,35,No,No,No,No,No,No,Yes,Yes,Some,25,Yes,Warm,No,No,2000,180,Gray;White;Black,Yes,Yes,Yes,Solid,65,Fearful,500,Learning,Poor,Professional,None,8,1,No,Solitary,No,Fins;Meat,1,Open Ocean,Fish;Marine Mammals,Ocean,Ambush;Pursuit,Non-Burrowing
Sheep,Mammal,No,Fur,No,4,Various,Herbivore,No,No,25,No,No,Yes,No,No,No,No,Yes,No,12,Yes,Cold,No,No,200,30,White;Black;Brown,No,Yes,No,Solid,65,Dependent,0,Learning,Poor,Poor,Basic Vocalizations,0,0,No,Colonial,No,Wool;Meat;Milk,50,Ground Level,Grass;Plants,No,Grazing,Non-Burrowing
Shoebill Stork,Bird,No,No,Yes,2,Wetland,Carnivore,Yes,Yes,15,No,No,No,No,No,No,No,No,No,35,No,Warm,No,Yes,12,60,Gray;Blue,Yes,Yes,No,Solid,80,Cautious,1,Complex Learner,Poor,Professional,Basic,3,1,No,Pairs,No,Tourism,2,Ground Level,Fish;Amphibians,No,Stand Hunting;Crushing,Non-Burrowing
Shrimp,Crustacean,No,No,No,10,Marine,Omnivore,Yes,No,8,No,No,No,No,Yes,No,Yes,Yes,No,2,No,Warm,No,No,0.1,8,Pink;Gray,No,Yes,No,Translucent,70,Neutral,0.1,Simple,Poor,Professional,None,100,4,No,School,No,Food,100,Ocean Floor,Plankton;Detritus,No,Filter Feeding,Non-Burrowing
Skunk,Mammal,No,Fur,No,4,Various,Omnivore,No,No,10,No,No,No,No,Yes,No,No,No,No,7,Yes,Warm,No,No,8,10,Black;White;Gray,No,Yes,No,Striped,70,Fearful,0.5,Learning,Poor,Poor,Basic,0,0,No,Solitary,Complex,Tourism,1,Underground,Insects;Plants;Small Animals,No,Foraging,Burrow User
Sloth,Mammal,No,Fur,No,4,Forest,Herbivore,No,No,0.15,No,No,No,No,Yes,No,No,No,No,25,Yes,Warm,No,No,15,24,Brown;Gray,Yes,Yes,No,Solid,80,Neutral,0.1,Learning,Professional,Poor,Basic,0,0,No,Solitary,No,Tourism,1,Tree Branch,Leaves;Fruits,No,Grazing,Non-Burrowing
Snow Goose,Bird,No,No,Yes,2,Arctic,Herbivore,Yes,Yes,45,No,No,No,No,No,No,Yes,Yes,No,15,No,Cold,No,Yes,7,28,White;Black,No,Yes,No,Two-toned,45,Cautious,2,Learning,Poor,Good,Basic,4,0.5,No,Colonial,No,Meat;Down;Tourism,50,Ground Near Water,Plants;Seeds,Seasonal,Grazing;Dabbling,Non-Burrowing
Spider,Arachnid,No,Hair,No,8,Various,Carnivore,Yes,No,1,No,No,No,Venomous,Yes,Yes,No,Yes,No,2,No,Cold,No,No,0.01,1,Multiple,Yes,No,No,Various,72,Neutral,0.01,Learning,Good,Poor,None,100,1,No,Solitary,No,Unknown,1,Web,Insects;Small Animals,No,Web Trapping;Ambush,Non-Burrowing
Spotted Salamander,Amphibian,No,No,No,4,Forest,Carnivore,Yes,No,0.5,No,No,No,No,Yes,No,No,No,Yes,20,No,Cold,No,No,0.25,6,Black;Yellow,No,Yes,No,Spotted,65,Neutral,0.1,Learning,Poor,Poor,Basic,200,2,No,Solitary,No,Research;Education,1,Forest Floor,Insects;Worms,Seasonal,Ambush;Tongue Strike,Simple Burrower
Squirrel,Mammal,No,No,No,4,Various,Omnivore,No,No,20,No,No,No,No,No,Yes,No,No,No,6,Yes,Warm,No,No,1.5,8,Gray;Red;Brown,No,Yes,No,Solid,70,Tolerant,0.1,Complex Learner,Professional,Poor,Basic,0,0,Yes,Colonial,Complex,Tourism,10,Tree Cavity,Nuts;Seeds;Fruits,No,Foraging,Non-Burrowing
Starfish,Echinoderm,No,No,No,5,Ocean,Carnivore,Yes,No,0.1,Yes,No,No,No,No,No,Yes,Yes,No,35,No,Warm,No,No,0.25,8,Red;Orange;Yellow;Purple;Blue,Yes,No,No,Solid,65,Neutral,0.01,Simple,Poor,Professional,None,1000000,1,No,Solitary,No,Unknown,1,Reef,Mollusks;Small Animals,No,Stomach Eversion,Non-Burrowing
Sugar Glider,Mammal,No,Fur,No,4,Forest,Omnivore,No,Glides,15,No,Yes,Yes,No,Yes,No,No,Yes,No,12,Yes,Warm,Yes,No,0.3,6,Gray;White,No,Yes,No,Solid,75,Dependent,0,Complex Learner,Professional,Poor,Basic,0,1,No,Colonial,Simple,Pets;Research,8,Tree Hollow,Insects;Fruits,No,Gliding;Pouncing,Non-Burrowing
Swan,Bird,No,No,Yes,2,Wetland,Omnivore,Yes,Yes,50,No,No,No,No,No,No,Yes,Yes,No,20,No,Warm,No,Yes,20,48,White;Black,No,Yes,No,Solid,65,Tolerant,1,Learning,Poor,Good,Basic,6,1,No,Pairs,No,Ornamental;Down,2,Ground Level,Plants;Small Fish;Insects,Seasonal,Swimming;Foraging,Non-Burrowing
Swordfish,Fish,Yes,No,No,0,Marine,Carnivore,Yes,No,68,No,No,No,No,No,No,Yes,No,No,15,Yes,Warm,No,No,200,120,Blue;Silver,Yes,Yes,Yes,Solid,70,Fearful,1000,Learning,Poor,Professional,None,4000000,1,No,Solitary,No,Food,1,Open Ocean,Fish;Squid,Yes,Spearing,Non-Burrowing
Thorny Devil,Reptile,Yes,No,No,4,Desert,Carnivore,Yes,No,2,Yes,No,No,No,No,No,No,No,No,20,No,Warm,No,No,0.2,8,Brown;Tan,No,Yes,No,Spiky,95,Fearful,0.1,Learning,Poor,Poor,Basic,8,1.4,No,Solitary,No,Tourism;Research,1,Sand Burrow,Ants,No,Ambush;Tongue Capture,Non-Burrowing
Tiger,Mammal,No,Fur,No,4,Forest,Carnivore,No,No,40,No,No,No,No,Yes,No,No,No,No,20,Yes,Warm,No,No,500,36,Orange;Black,Yes,Yes,No,Striped,75,Fearful,40,Complex Learner,Good,Good,Basic Vocalizations,0,0,No,Solitary,No,Tourism,1,Cave,Large Mammals;Medium Mammals,No,Stalking;Ambush,Burrow User
Tilapia,Fish,Yes,No,No,0,Freshwater,Omnivore,Yes,No,4,No,No,Yes,No,No,No,Yes,Yes,No,10,Yes,Warm,No,No,4,16,Gray;Silver,No,Yes,Yes,Solid,75,Dependent,0,Learning,Poor,Poor,None,200,4,No,School,No,Food;Aquaculture,100,Sandy Depression,Plants;Plankton,No,Filter Feeding;Grazing,Non-Burrowing
Toad,Amphibian,No,No,No,4,Various,Carnivore,Yes,No,5,No,No,No,Poisonous,Yes,No,Yes,No,Yes,10,No,Cold,No,No,0.5,4,Brown;Green,No,No,No,Mottled,65,Neutral,0.01,Learning,Poor,Poor,Basic,1000,1,No,Solitary,No,Pets;Research,1,Ground Level,Insects;Small Animals,No,Tongue Catching,Non-Burrowing
Tuatara,Reptile,Yes,No,No,4,Island;Temperate,Carnivore,Yes,No,5,No,No,No,No,Yes,No,No,No,No,100,Yes,Cold,No,No,2.2,24,Gray;Olive,Yes,Yes,No,Solid,65,Fearful,0.1,Learning,Good,Poor,Basic,10,2,No,Solitary,No,Tourism;Conservation,1,Burrow,Insects;Small Vertebrates,No,Ambush;Stalking,Simple Burrower
Tuna,Fish,Yes,No,No,0,Marine,Carnivore,Yes,No,47,No,No,No,No,No,No,Yes,Yes,No,20,Yes,Warm,No,No,1000,72,Blue;Silver,Yes,Yes,Yes,Solid,70,Neutral,1000,Learning,Poor,Professional,None,1000000,1,No,School,No,Food,100,Open Ocean,Fish;Squid,Yes,Pack Hunting,Non-Burrowing
Turkey,Bird,No,No,Yes,2,Various,Omnivore,Yes,Yes,25,No,No,Yes,No,No,No,No,Yes,No,10,No,Warm,Yes,Yes,30,45,Brown;Black,No,Yes,No,Solid,70,Dependent,0,Learning,Poor,Good,Basic,12,2,No,Colonial,No,Meat;Feathers,20,Ground Level,Seeds;Insects;Plants,No,Foraging,Non-Burrowing
Vulture,Bird,No,No,Yes,2,Various,Carnivore,Yes,Yes,40,No,No,No,No,No,No,No,Yes,No,35,No,Warm,No,Yes,25,45,Black;Brown;White,Yes,Yes,No,Solid,80,Cautious,100,Complex Learner,Poor,Good,Basic,2,1,No,Colonial,No,Pets,20,Cliff Face,Carrion,Seasonal,Scavenging,Non-Burrowing
Walrus,Mammal,No,Fur,No,4,Arctic,Carnivore,No,No,22,No,No,No,No,No,No,Yes,Yes,No,40,Yes,Cold,No,No,2200,96,Brown,No,Yes,Yes,Solid,32,Cautious,10,Complex Learner,Poor,Professional,Basic,0,0,No,Colonial,No,Ivory;Meat,100,Ice Sheet,Mollusks;Fish,Seasonal,Diving;Tusking,Non-Burrowing
Warthog,Mammal,No,Fur,No,4,Savanna,Omnivore,No,No,30,No,No,No,No,No,No,No,Yes,No,15,Yes,Warm,No,No,250,30,Gray,No,Yes,No,Solid,80,Cautious,1,Complex Learner,Poor,Poor,Basic,0,0,No,Colonial,No,Meat,20,Underground,Roots;Plants;Small Animals,No,Rooting,Tunneling
Water Buffalo,Mammal,No,Fur,No,4,Wetland,Herbivore,No,No,30,No,No,Yes,No,No,No,No,Yes,No,25,Yes,Warm,No,No,2000,70,Black;Gray,No,Yes,No,Solid,75,Dependent,0,Learning,Poor,Good,Basic,0,1,No,Colonial,No,Meat;Milk;Labor,50,Ground Level,Grass;Aquatic Plants,No,Grazing;Wading,Non-Burrowing
White-breasted Nuthatch,Bird,No,No,Yes,2,Forest,Omnivore,Yes,Yes,18,No,No,No,No,No,No,No,Yes,No,2,No,Cold,No,Yes,0.054,5.8,Blue;White;Black,No,Yes,No,Patterned,65,Tolerant,0.1,Learning,Professional,Poor,Basic,8,1,No,Pairs,Simple,Tourism;Education,2,Tree Cavity,Insects;Seeds,No,Bark Gleaning;Probing,Non-Burrowing
White-tailed Deer,Mammal,No,Fur,No,4,Forest,Herbivore,No,No,30,No,No,No,No,Yes,No,No,Yes,No,15,Yes,Warm,No,No,150,36,Brown;White,No,Yes,No,Solid,65,Cautious,2,Learning,Good,Poor,Basic,0,1,No,Groups,No,Meat;Hide;Tourism,8,Ground Cover,Grass;Leaves;Twigs,Some,Browsing;Grazing,Non-Burrowing
Wolf,Mammal,No,Fur,No,4,Various,Carnivore,No,No,40,No,No,No,No,Yes,No,No,Yes,No,13,Yes,Cold,No,No,100,32,Gray,Yes,Yes,No,Solid,45,Cautious,100,Complex Learner,Good,Poor,Complex Vocalizations,0,0,No,Family,Simple,Tourism,8,Cave,Large Mammals;Medium Mammals,Irregular,Pack Hunting;Pursuit,Burrow User
Wolverine,Mammal,No,Fur,No,4,Arctic,Carnivore,No,No,30,No,No,No,No,Yes,No,No,No,No,13,Yes,Cold,No,No,35,16,Brown,No,Yes,No,Solid,32,Aggressive,200,Complex Learner,Good,Poor,Basic,0,0,No,Solitary,Simple,Fur,1,Cave,Medium Mammals;Carrion,No,Scavenging;Hunting,Non-Burrowing
Wombat,Mammal,No,Fur,No,4,Grassland,Herbivore,No,No,25,No,Yes,No,No,Yes,No,No,No,No,15,Yes,Warm,No,No,60,24,Brown,No,Yes,No,Solid,70,Cautious,0.1,Learning,Poor,Poor,Basic,0,0,No,Solitary,No,Tourism,1,Underground,Grass;Roots;Bark,No,Grazing,Tunneling
Woodpecker,Bird,No,No,Yes,2,Forest,Insectivore,Yes,Yes,22,No,No,No,No,No,No,No,No,No,10,No,Warm,No,Yes,0.3,10,Black;White;Red,No,Yes,No,Spotted,65,Tolerant,0.1,Complex Learner,Professional,Poor,Basic,4,1,No,Solitary,Simple,Pets,1,Tree Cavity,Insects;Tree Sap,Some,Drilling;Probing,Non-Burrowing
Zebra,Mammal,No,Fur,No,4,Grassland,Herbivore,No,No,40,No,No,No,No,No,No,No,Yes,No,25,Yes,Warm,No,No,770,60,Black;White,Yes,Yes,No,Striped,80,Cautious,1,Learning,Poor,Poor,Basic,0,1,No,Colonial,No,Tourism,50,Ground Level,Grass;Leaves,Seasonal,Grazing;Social Feeding,Non-Burrowing
